,Emp_ID,Target
0,394,0
1,173,0
2,1090,0
3,840,0
4,308,0
5,1864,0
6,1606,0
7,954,0
8,2422,0
9,1841,0
10,1484,0
11,2727,0
12,1031,0
13,2137,0
14,2568,0
15,1745,0
16,2668,0
17,2617,0
18,2070,0
19,1446,0
20,1043,0
21,2561,0
22,945,0
23,2517,0
24,1039,0
25,2594,0
26,115,0
27,870,0
28,329,0
29,973,0
30,1892,0
31,2740,0
32,1093,0
33,693,0
34,1817,0
35,1753,0
36,2420,0
37,1655,0
38,1573,0
39,2365,0
40,1623,0
41,2625,0
42,1335,0
43,450,0
44,2087,0
45,2576,0
46,2771,0
47,1549,0
48,1657,0
49,1957,0
50,1662,0
51,1588,0
52,2615,0
53,2027,0
54,2714,0
55,556,0
56,377,0
57,605,0
58,791,0
59,1147,0
60,68,0
61,2784,0
62,1181,0
63,1782,0
64,2299,0
65,1238,0
66,402,0
67,1109,0
68,990,0
69,425,0
70,569,0
71,2454,0
72,926,0
73,391,0
74,2110,0
75,1875,0
76,117,0
77,1714,0
78,1106,0
79,422,0
80,150,0
81,2179,0
82,2684,0
83,762,0
84,718,0
85,1694,0
86,1051,0
87,2104,0
88,1225,0
89,63,0
90,275,0
91,1733,0
92,2541,0
93,140,0
94,1037,0
95,407,0
96,1770,0
97,946,0
98,604,0
99,893,0
100,2200,0
101,2114,0
102,1243,0
103,2076,0
104,2597,0
105,60,0
106,662,0
107,765,0
108,199,0
109,1526,0
110,1486,0
111,1179,0
112,1161,0
113,2259,0
114,1191,0
115,1811,0
116,1510,0
117,434,0
118,1918,0
119,753,0
120,25,0
121,1414,0
122,1426,0
123,716,0
124,2283,0
125,1840,0
126,1678,0
127,1859,0
128,2381,0
129,2008,0
130,1050,0
131,581,0
132,2289,0
133,713,0
134,1924,0
135,2257,0
136,1504,0
137,1670,0
138,2551,0
139,1874,0
140,26,0
141,2308,0
142,1259,0
143,77,0
144,568,0
145,1370,0
146,704,0
147,2494,0
148,1077,0
149,592,0
150,2390,0
151,832,0
152,904,0
153,2567,0
154,1274,0
155,2543,0
156,296,0
157,1374,0
158,1852,0
159,252,0
160,888,0
161,1234,0
162,112,0
163,2399,0
164,1265,0
165,2166,0
166,320,0
167,1968,0
168,2690,0
169,2228,0
170,56,0
171,723,0
172,560,0
173,580,0
174,1679,0
175,1783,0
176,371,0
177,2546,0
178,2505,0
179,2224,0
180,1271,0
181,213,0
182,1936,0
183,1642,0
184,1213,0
185,78,0
186,368,0
187,943,0
188,1165,0
189,1432,0
190,2223,0
191,2407,0
192,1316,0
193,1139,0
194,789,0
195,2552,0
196,2670,0
197,2028,0
198,67,0
199,2055,0
200,2198,0
201,2272,0
202,2210,0
203,2398,0
204,272,0
205,2754,0
206,2473,0
207,1327,0
208,359,0
209,2160,0
210,1563,0
211,1206,0
212,1858,0
213,516,0
214,41,0
215,1382,0
216,1405,0
217,2730,0
218,772,0
219,54,0
220,1222,0
221,697,0
222,453,0
223,1334,0
224,992,0
225,682,0
226,766,0
227,1283,0
228,2148,0
229,2729,0
230,1668,0
231,1290,0
232,1013,0
233,906,0
234,2357,0
235,87,0
236,2533,0
237,1532,0
238,1977,0
239,565,0
240,1598,0
241,400,0
242,2109,0
243,168,0
244,956,0
245,2417,0
246,1276,0
247,734,0
248,550,0
249,532,0
250,2708,0
251,2050,0
252,358,0
253,1177,0
254,1267,0
255,1982,0
256,933,0
257,538,0
258,1057,0
259,2453,0
260,188,0
261,2241,0
262,552,0
263,1119,0
264,2382,0
265,1284,0
266,2480,0
267,1658,0
268,582,0
269,2258,0
270,444,0
271,1633,0
272,1958,0
273,2334,0
274,2633,0
275,388,0
276,537,0
277,1579,0
278,2193,0
279,1263,0
280,2318,0
281,351,0
282,835,0
283,493,0
284,341,0
285,191,0
286,1929,0
287,991,0
288,828,0
289,234,0
290,1869,0
291,570,0
292,2012,0
293,323,0
294,1249,0
295,1989,0
296,1830,0
297,2496,0
298,446,0
299,1475,0
300,1972,0
301,639,0
302,1888,0
303,710,0
304,2639,0
305,2014,0
306,848,0
307,2781,0
308,2199,0
309,357,0
310,494,0
311,1178,0
312,2611,0
313,2728,0
314,1149,0
315,521,0
316,375,0
317,2763,0
318,192,0
319,658,0
320,109,0
321,2052,0
322,1752,0
323,2483,0
324,2386,0
325,2205,0
326,2347,0
327,2569,0
328,644,0
329,2449,0
330,1230,0
331,1652,0
332,698,0
333,1200,0
334,1078,0
335,1592,0
336,210,0
337,1144,0
338,1980,0
339,2096,0
340,752,0
341,258,0
342,2610,0
343,2217,0
344,362,0
345,619,0
346,1527,0
347,999,0
348,431,0
349,1793,0
350,501,0
351,483,0
352,1605,0
353,1836,0
354,2464,0
355,1914,0
356,271,0
357,1805,0
358,2446,0
359,1741,0
360,2078,0
361,45,0
362,721,0
363,265,0
364,806,0
365,587,0
366,1884,0
367,617,0
368,1070,0
369,2082,0
370,137,0
371,2788,0
372,1447,0
373,960,0
374,2208,0
375,865,0
376,472,0
377,441,0
378,2699,0
379,740,0
380,1837,0
381,782,0
382,2715,0
383,2344,0
384,2169,0
385,889,0
386,233,0
387,2497,0
388,1495,0
389,509,0
390,981,0
391,276,0
392,31,0
393,2511,0
394,1801,0
395,595,0
396,2178,0
397,324,0
398,52,0
399,1599,0
400,1393,0
401,643,0
402,1505,0
403,129,0
404,1956,0
405,2276,0
406,1419,0
407,2664,0
408,1372,0
409,785,0
410,1097,0
411,1831,0
412,409,0
413,289,0
414,673,1
415,225,0
416,1776,0
417,1345,0
418,2322,0
419,648,0
420,1399,0
421,2761,0
422,1231,0
423,571,0
424,1962,0
425,1594,0
426,2705,0
427,2498,0
428,2090,0
429,6,0
430,1073,0
431,1433,0
432,2439,0
433,1666,0
434,1118,0
435,1087,0
436,1871,0
437,345,0
438,597,0
439,1214,0
440,2587,0
441,1099,0
442,959,0
443,2672,0
444,1676,0
445,583,0
446,1032,0
447,1341,0
448,2089,0
449,1764,0
450,1116,0
451,1637,0
452,1514,0
453,2423,0
454,458,0
455,376,0
456,1169,0
457,2686,0
458,2254,0
459,1054,0
460,524,0
461,122,0
462,2752,0
463,988,1
464,1015,0
465,218,0
466,2345,0
467,39,0
468,737,0
469,2424,0
470,2188,0
471,1428,0
472,2646,0
473,2331,1
474,642,0
475,2135,0
476,1198,0
477,559,0
478,875,1
479,982,0
480,1114,0
481,243,0
482,548,1
483,1159,0
484,1489,0
485,2566,0
486,2097,0
487,678,0
488,712,0
489,681,0
490,801,0
491,1981,0
492,273,0
493,547,0
494,1468,0
495,1325,0
496,1518,0
497,902,0
498,1712,0
499,2311,0
500,237,0
501,1268,0
502,2537,0
503,2378,1
504,104,0
505,510,1
506,1828,0
507,2277,1
508,2139,0
509,1401,0
510,620,0
511,348,1
512,2230,0
513,531,0
514,1707,0
515,1696,1
516,2565,0
517,936,0
518,1056,0
519,2440,0
520,1724,0
521,1815,0
522,2202,0
523,1634,0
524,2043,0
525,1807,0
526,2654,0
527,135,0
528,1066,0
529,1586,1
530,546,0
531,594,0
532,449,0
533,415,0
534,2058,0
535,2418,1
536,331,0
537,2500,0
538,2343,1
539,1965,0
540,114,1
541,1416,0
542,591,0
543,2426,0
544,1125,0
545,1438,0
546,1322,0
547,1286,0
548,1434,0
549,867,0
550,2645,0
551,2640,1
552,385,0
553,1725,0
554,427,0
555,499,0
556,1381,0
557,1550,0
558,1804,0
559,543,0
560,80,0
561,1710,0
562,1190,0
563,1115,0
564,97,0
565,1019,1
566,462,0
567,1873,1
568,2764,0
569,2775,0
570,2260,0
571,47,0
572,1014,0
573,1622,0
574,206,1
575,1199,0
576,85,0
577,2018,0
578,281,0
579,263,0
580,403,0
581,2395,0
582,1294,0
583,134,0
584,646,0
585,885,0
586,1462,1
587,2153,0
588,14,1
589,72,0
590,382,0
591,2722,0
592,754,0
593,1766,0
594,420,0
595,294,0
596,1839,0
597,2032,0
598,459,0
599,963,0
600,1775,1
601,1999,1
602,366,0
603,793,0
604,1515,0
605,2191,0
606,2538,0
607,1723,1
608,202,0
609,1626,0
610,1153,0
611,1379,0
612,769,0
613,417,0
614,498,0
615,1802,0
616,181,0
617,2307,0
618,1618,0
619,2,0
620,2279,0
621,1351,0
622,283,0
623,2469,0
624,650,0
625,2627,0
626,2348,0
627,2515,0
628,412,0
629,751,0
630,2678,0
631,1201,0
632,1529,0
633,457,0
634,1026,0
635,814,0
636,335,0
637,1791,0
638,1625,0
639,1501,0
640,763,0
641,2635,0
642,1107,0
643,2411,0
644,534,0
645,952,0
646,1412,0
647,62,0
648,2770,0
649,2140,0
650,2778,0
651,2428,0
652,2571,0
653,1324,0
654,2239,0
655,1227,0
656,1448,0
657,2290,0
658,1209,0
659,2550,0
660,1358,0
661,540,0
662,306,0
663,810,0
664,2631,0
665,1740,0
666,2030,0
667,834,0
668,1632,0
669,2298,0
670,11,0
671,1521,0
672,1650,0
673,1273,0
674,1619,0
675,1157,0
676,398,0
677,1568,0
678,148,0
679,664,0
680,310,0
681,825,0
682,1955,0
683,1812,0
684,1194,0
685,1880,0
686,599,0
687,816,0
688,508,0
689,309,0
690,1328,0
691,1162,0
692,733,0
693,2039,0
694,378,0
695,2360,0
696,824,0
697,1708,0
698,511,0
699,2060,0
700,802,0
701,1925,0
702,297,0
703,715,0
704,2233,0
705,1195,0
706,1145,0
707,748,0
708,1971,0
709,1029,0
710,288,0
711,2521,0
712,575,0
713,2261,0
714,561,0
715,274,0
716,913,0
717,622,0
718,205,0
719,1210,0
720,711,0
721,2088,0
722,2522,0
723,1188,0
724,1111,0
725,2753,0
726,638,0
727,440,0
728,2660,0
729,2487,0
730,2196,0
731,2725,0
732,2314,0
733,819,0
734,2189,0
735,2251,0
736,2134,0
737,2255,0
738,448,0
739,1644,0
740,624,0
